Id,OperationDateTime,UserId,EventType,Amount,Number,BuyerId,CancelAmount
d1bb48d3-f87b-44e2-8ad9-445b2250af7d,14.03.2026 0:01:02,dd83bcf9-aa3c-447d-ad61-491ac5765f6f,bill_canceled,3288.018003185127700,745669,,2585.89
e23cd900-ba3f-460b-8d3a-623c261e1e78,14.03.2026 0:01:51,51189f4b-e405-429e-9a9c-bd2852d673c4,bill_payed,4379.70,106750,587dcf02-2b92-48d9-81c4-465ce9f897ef,
05f9c1bb-c3ca-43e8-96b6-8165f0fee8f5,14.03.2026 0:03:39,1f7e173f-33c3-4fb6-8563-b7224cab5a3f,bill_canceled,2875.737183534080500,568594,,825.43
82743eec-8266-4985-a889-ce1b547a498c,14.03.2026 0:10:37,b05f7c26-61e6-45f7-883b-dfef3ab7abbf,bill_canceled,1602.257132587131200,251477,,996.86
0e421683-72bb-4415-937b-6fb57172f418,14.03.2026 0:14:26,ddf8bcea-e87b-4e12-ac2a-adcd143f0341,bill_canceled,1005.832021820436200,721804,,11.00
a456172b-784b-4af8-9dff-49320e7c2faa,14.03.2026 0:14:29,765281fe-46c5-44ce-8f14-0b41a2cdee10,bill_canceled,1765.858623055867800,328252,,219.07
dc5fe053-07c4-4ee2-9cfa-1d5540c76139,14.03.2026 0:14:29,839e74cf-1944-4849-bb79-fc9f17515a87,bill_payed,4940.55,853709,261254a3-8a81-4cba-a9e5-ba08cabf4163,
4e3e6a9d-d5e8-422c-a870-a9569ab1af0f,14.03.2026 0:22:25,d67d916d-f051-4340-a311-c5d96ec1a5ad,bill_canceled,974.929566398966400,636728,,682.38
cdabef9c-a91e-4daf-8a74-e1981db45478,14.03.2026 0:22:29,29e7d2de-0170-4249-9ed5-0c202a2f5f0d,bill_canceled,478.7924708504140400,377910,,145.98
462cae77-4e86-4398-9c1f-1707e8e29e5f,14.03.2026 0:23:25,98807154-daba-49e8-9596-272e0dff6cb0,bill_payed,3112.94,527860,012440ae-4d66-4c9a-ae1c-b7af494519f4,
bbacfea0-fd1c-4732-b3b0-099a8769fb03,14.03.2026 0:27:48,9f79037a-2f81-445f-a42a-fcc37ec82d5d,bill_payed,300.31,921622,6a02627b-b3ce-49ac-81fc-7fd445498ba0,
6121dde9-b320-438e-9e10-e8158eb24a40,14.03.2026 0:32:37,7629a137-b5ac-4399-929e-d2f264969762,bill_canceled,877.828934040159400,838025,,131.38
a842c349-f977-45a1-93be-3ad6f20377bc,14.03.2026 0:37:57,adeef7d6-bd1b-42d8-9fb7-7c192d2e7fda,bill_canceled,2417.462033451983600,765719,,1511.07
e298680e-80d9-4f12-9672-6f72fa7402bd,14.03.2026 0:38:26,45df2bf1-e3e3-4e2b-8564-99a79123e7e2,bill_canceled,4746.958975111774300,863831,,1698.40
55c062d1-103f-4eb3-ab09-ee28e7da3c4d,14.03.2026 0:45:59,a44098db-52e9-46bc-9fe5-733a47e11690,bill_canceled,4814.64779070350800,540525,,4640.77
f7587803-2735-4728-8b9c-b4e575ae5c2d,14.03.2026 0:50:33,9cd83261-a9d8-44eb-861a-98740f0a8c91,bill_payed,1339.83,728812,d0dad2d2-b078-4b73-a860-2a2a4a38dfc4,
7e52f105-75aa-48d7-8e93-d348bf7d2e31,14.03.2026 0:51:51,63392618-0773-412b-9f79-658bbf396f51,bill_payed,2985.35,325665,1c756bb6-566f-4388-a740-bc1e5fbb2edf,
4ffb0d2a-7ac9-4a45-8cdf-7eeb67a1d14b,14.03.2026 0:53:09,6457cbd9-4469-4232-a57a-b92881ee0b3d,bill_canceled,2667.510013947143300,703817,,979.21
7b0b6d77-ae7d-4aae-a30b-4e098643a900,14.03.2026 1:00:56,f74c3869-ba97-4bc6-8b14-1e1a9351b0af,bill_canceled,2681.614679557533900,920862,,878.14
0556292e-450a-4153-b50e-af555f36cba2,14.03.2026 1:03:52,7c6d360c-3d9c-41a4-a5ce-9959d4ae34d9,bill_canceled,1364.549471964090200,241112,,38.97
512841e7-7eec-4d6a-81fe-15bcb82a28f8,14.03.2026 1:04:27,29ccb656-92d0-46ce-ba12-78362ecdbbb2,bill_payed,4146.26,971699,4580254b-59cd-439c-909e-891d3ce26034,
4bdf31f2-bdc4-4ed0-9e86-ce8a2a7f3858,14.03.2026 1:16:33,89de0b51-e1a4-4783-b44d-6dfd379ceda9,bill_payed,2414.02,459954,832988d2-1217-4ee8-8167-f26be77cb5a3,
963d285f-ac73-4ded-996e-cb0624a86414,14.03.2026 1:24:10,203c8566-fc60-499a-8007-480f407f164a,bill_payed,1766.48,327262,2df2c02c-a574-4374-9437-a10df9a0eeaf,
d463ff98-5449-403e-8b75-26b1d4c55c1d,14.03.2026 1:24:38,f882952a-0adf-4ff5-9c9c-cc6cc16d7ca1,bill_canceled,2373.400566298206800,535642,,2271.80
47b17c60-1e6c-4bf6-a623-699ded900c88,14.03.2026 1:27:26,0f1ed51c-d003-4790-96f2-582485043026,bill_canceled,4390.578070387754600,981045,,4363.50
56eb6026-6b83-4df5-88a1-c9161494b76f,14.03.2026 1:27:53,11d83646-47bd-482a-be13-6182ef280196,bill_canceled,1289.061935245552900,320307,,399.43
4a07ed49-741b-4b27-a161-9af9e905faa8,14.03.2026 1:32:36,0aa53fca-51f1-4b15-b178-35686cf91308,bill_payed,4726.03,274736,0e24eecc-22e5-4423-a251-054698f15440,
6342ce67-48fb-4f60-8ab3-fa0fb31dda64,14.03.2026 1:34:22,3231d492-c441-47bf-9fc9-7fc158754a29,bill_canceled,1881.876646689744500,505965,,524.29
2161b95c-5627-45bf-b0f2-be552108156f,14.03.2026 1:43:22,bbc24667-ab36-4fd2-9599-c0f6aa38bbbd,bill_canceled,547.5651988934272300,883750,,521.23
2a83df42-45d2-44f5-96bb-a397120cf745,14.03.2026 1:53:40,53512f2a-b25d-4a60-a4b5-242d255e66a9,bill_canceled,4917.926438116273300,933259,,4654.69
d83e97d8-e0eb-44b4-bc44-e87676c008fa,14.03.2026 1:57:44,18d2ee28-7aea-4553-99e3-85a87c274124,bill_canceled,2400.661497295313600,236506,,345.37
4324e24d-14d3-48c7-9ee6-d49a571879e4,14.03.2026 2:04:35,86703296-c5e7-49c0-8411-beddf24cef63,bill_canceled,4707.069787051944800,357849,,2042.75
78cb063d-2473-46bb-803e-bc7c32251b59,14.03.2026 2:04:48,5990c79f-62ff-44d4-a4f5-46d124872a88,bill_payed,1369.61,525574,3e9a0ccd-2843-4b22-853e-399a3b09e208,
8b35510e-7587-41fe-aef1-c6786e0639ab,14.03.2026 2:09:40,0add60ee-032a-435b-a155-0b492e2bec0c,bill_payed,4276.17,998507,50ed4ad2-2606-4cd0-80d5-7a47a1604d59,
64e0b64c-0568-4b2d-8377-1bfdc703ab63,14.03.2026 2:11:07,67986f53-8df8-4232-b2d1-d914bed51a1a,bill_canceled,1514.214370658430600,154348,,1212.13
cf8d72a3-a06b-4a00-ac19-727130ac7951,14.03.2026 2:26:43,139728eb-1122-4d2e-88de-0d4d5ee071da,bill_canceled,3324.778267132665600,521075,,389.28
f6e3014b-a819-415f-9d6d-ce3ec4b532f5,14.03.2026 2:34:44,5b4e16a4-1864-4071-b1d9-ade37920a034,bill_payed,1679.35,287471,ce4d97f3-bd98-417d-9195-4d4867704659,
585b0900-e0a0-46bf-a797-38de52df685c,14.03.2026 2:39:35,a85f550d-8fd0-497f-b2bc-7639b15d6e41,bill_canceled,2063.711443773466100,289203,,272.03
49264f2b-aed1-4d2f-b749-b26f38e6365f,14.03.2026 2:45:04,91ad6bad-7524-4954-811a-c06545775601,bill_canceled,1782.851939307985600,853049,,857.95
aad90505-e065-421a-8000-c7832ae8740c,14.03.2026 2:45:47,52cc37e9-6ace-4228-8bf6-fd3ce3ffdec6,bill_canceled,1354.367421644914500,651788,,298.31
bcfe7ea6-1363-45ba-872e-163b7f598e10,14.03.2026 2:48:17,6b3bfec3-d7d0-404a-b34c-eee4378e03f9,bill_canceled,1161.648919330164200,970965,,514.19
c7f1b5d6-fae6-40e2-b4ac-02c3afcc5875,14.03.2026 2:50:38,7e869312-8764-4525-9d36-96731de27a70,bill_canceled,2882.676977686686500,819989,,1938.91
a2f67bb7-6498-4c12-a152-d746207d5a96,14.03.2026 2:52:11,5f667151-3dba-4a5a-98ae-5f3314b56b97,bill_payed,4076.76,761215,45d2b890-612f-483f-aaf8-600e31e87727,
d14e955a-7ead-4cb0-a503-a66c4904f617,14.03.2026 2:53:48,8987f622-c106-4c11-9efd-c6a8efa33cd5,bill_payed,2806.15,846882,01e177dd-72c2-413c-9356-3e962bcbac88,
cc00343e-ddaf-4c7b-89f7-2658408a8826,14.03.2026 2:57:01,40094a3e-76c2-4854-bac5-d09fd8cbc08c,bill_canceled,3683.842902845157400,784691,,3141.58
ee6c4ee4-c0c7-4ee7-88e5-9c044fabc525,14.03.2026 2:59:13,261af6ea-0e81-417f-8379-a962e3767167,bill_canceled,3753.342081786840800,774656,,1159.49
d583ea3e-9626-409a-a476-9c20b4c205b5,14.03.2026 3:08:07,812ac8b5-44af-4c7b-940a-5b0dce0ff06c,bill_payed,1851.51,570952,750c48cc-ab16-4ad9-bcdf-8d8b2ab7a286,
65b63bbf-0735-4fff-9087-201b1ec53c7c,14.03.2026 3:24:42,cdb74821-7523-4c0c-8922-68ba528b7c4d,bill_canceled,1328.837707709593100,966619,,1054.88
6a527588-f47e-4f9a-8081-303a521828d2,14.03.2026 3:37:51,ab6ea02c-8f62-44c8-8469-fef40dc23910,bill_canceled,2824.6680228200300,771479,,1484.56
0e2a49d9-8909-47fc-890d-7902ecde4318,14.03.2026 3:41:53,b787b5fe-a2ce-4117-8130-a794bd71377f,bill_canceled,4350.808301698694400,800655,,1615.22
e24a98fc-922c-4862-a5a5-7647411c3457,14.03.2026 3:47:23,e630f61a-4d3e-4102-901d-c615c6636fb4,bill_canceled,3444.800269199271400,877278,,261.49
0a19771d-a22d-4b03-90f9-de2aee3c6072,14.03.2026 3:50:51,dc176c1c-6ace-43ab-a3cc-7fc64dc60fe0,bill_canceled,424.8437823012603200,111765,,287.12
f4068401-8e81-47aa-8c47-594b4ddc9e74,14.03.2026 3:51:00,15bec81e-6fb7-4f30-afa8-b538156070fd,bill_payed,4444.14,852788,96f458f0-f978-458a-95a7-4f40195f8b38,
97c64d06-d99f-40d3-b211-5bba8bd97595,14.03.2026 3:54:35,828ae067-b186-4056-b3d6-47489ee755bc,bill_canceled,929.433234099290800,239774,,41.71
63fa6bb3-4945-4b40-b55a-47b6b5cd7751,14.03.2026 3:54:48,29e3e5e2-aa85-425e-954d-277e8ec723cb,bill_payed,2965.96,889690,1ac7e20a-1be5-409e-9baa-c81a95ad5262,
904fc5c9-6a86-4793-a36b-fc8346ebd4de,14.03.2026 3:57:17,1afe0d0c-497e-453a-a936-9803f8441bbd,bill_canceled,3591.358869297693100,949825,,2576.12
b3e074b9-bc5f-4513-8808-cde492dc2302,14.03.2026 3:59:21,b4c690be-bd0f-45f5-a512-3b54260ac155,bill_payed,4212.43,896261,bfce2114-a367-44e2-a001-4992cc1bb9f1,
4dcebac6-6dcc-413e-bd6f-83f4249f48a6,14.03.2026 4:08:46,16e7eaa6-538a-44a0-bb24-24dfe5ce7427,bill_canceled,4345.408435426919600,757800,,3213.71
004bb46d-0c70-4919-8c9e-108d25dbd8c9,14.03.2026 4:10:44,424e9fac-d42a-4d40-9c4a-430eeea3a6e0,bill_canceled,1123.025125159813300,577116,,158.79
85e12955-89ec-4bbb-b849-06327259ae6b,14.03.2026 4:12:48,670a12a7-5fe8-4cb3-be77-2481c83148a4,bill_canceled,1938.232066781688200,279812,,1312.25
580ded16-65e5-4062-ae66-966984001db5,14.03.2026 4:19:03,eb2b49ef-434e-4385-9137-231a103e30a7,bill_payed,257.78,589148,13ee543f-448f-4de4-8e2b-0a654e539849,
831fbf0c-70b5-4682-92fd-b156ce928fc0,14.03.2026 4:20:12,956bf495-d497-4e27-be05-db9a9e82b327,bill_payed,2045.24,767645,46659d65-cfd9-416f-a9fb-b47d16252676,
7561af8f-3168-49b3-ba85-b15392cbb38f,14.03.2026 4:20:57,16907c40-f9b8-4196-afae-7eb40c246593,bill_canceled,2613.87353598439800,177611,,1190.96
1e61ecf7-f3ec-4332-99d8-886084017311,14.03.2026 4:25:42,d57d2963-cec9-48af-b02b-b02d1b47c51e,bill_canceled,4746.366395651605100,800220,,3329.22
250ab008-d816-4b04-a8cc-3f19b3d1dadc,14.03.2026 4:26:50,c879cb99-719e-4135-a0e6-15afd0d2f4d3,bill_canceled,2099.09683120653100,845105,,904.01
e7a37e12-e83c-443d-b646-22220c989b7a,14.03.2026 4:29:16,52da40a9-4cd9-42bf-a344-3ccc41452ca6,bill_canceled,997.159967468912700,407264,,50.29
f345632e-93d6-424d-ac34-8ad4ac24b80f,14.03.2026 4:29:18,a2a445fa-57d0-4a9b-a7ee-acab631bfd3f,bill_canceled,1165.034197255436800,192386,,340.29
bc2c27a6-e8ec-499b-822f-066a90087a3c,14.03.2026 4:29:31,ca421160-40ca-4ea1-857b-dc60d8257bcb,bill_canceled,2236.00436338664900,227291,,1762.77
9d02f82f-3cad-4f07-9ad3-6576dc7cb0b3,14.03.2026 4:44:12,a8f863a1-e00b-4473-98f5-c21df907188a,bill_canceled,2091.12951260758500,454916,,1812.46
6a2182bb-8cb0-437b-bb8b-5fca5161d622,14.03.2026 4:53:06,20588221-ace9-4b5c-a911-790c4475fca1,bill_payed,3177.18,674282,317a6492-49b7-470f-9626-3e71db224f62,
f5cffc67-fa89-4918-8ad1-5202a3fcaebc,14.03.2026 4:56:36,4e8fa947-cb60-4528-9d55-dba56362c5d9,bill_payed,3660.12,780814,f48a3ea5-6b03-417c-852d-d8cd177f7330,
4e3a9c88-e056-47af-937b-920ebcb32848,14.03.2026 4:59:28,4c14f2f3-cb5f-4bd2-9579-1a723c95f604,bill_payed,3321.74,663937,10904760-27f8-4d06-9586-67f304944ce7,
d93e974f-ff07-41ae-b27d-37f415211879,14.03.2026 5:18:39,150a2d25-f9b0-4d0f-b918-720707732d02,bill_canceled,4949.866806782376400,824201,,1271.34
ef6690f5-2e57-4272-87c9-5dfc969a44c9,14.03.2026 5:20:09,1d9a166b-40f4-41cd-ae3b-c6b4a373174b,bill_payed,3765.90,759107,7d242034-4a9f-4453-a2b9-89ee947fc0c5,
053d64e1-5280-4704-ad37-0f1e5dc97b37,14.03.2026 5:22:24,1df1b815-2610-4010-9854-563b7fc5b26e,bill_payed,4178.86,972934,b2fc2050-d214-4de9-b2a6-3afab2fea0bd,
9a7c5d56-6ea8-4d36-8fd8-e15c378eda52,14.03.2026 5:25:15,1cdcd839-f975-473f-9ab1-c6a3f4e31ffe,bill_canceled,4065.087782962152700,390363,,818.34
5da0f082-52bf-4459-b076-027efdcd88b0,14.03.2026 5:30:33,3d529ee6-a16d-4f20-b1a7-df8a2203c212,bill_payed,1888.60,768049,057fe59b-6e0b-46ed-9119-00a13006c737,
34a9a8a2-e5d3-40c8-bd12-8cdb232da35f,14.03.2026 5:32:31,97558f6e-533b-40fd-a240-212f9fc40ae2,bill_canceled,1804.812071334667400,879915,,435.58
97fff8fb-12f4-4917-9cc4-18c8772c1b91,14.03.2026 5:34:45,c957f136-eab4-4583-a8ff-6c4422ed28c1,bill_canceled,3586.258417400154900,154509,,3549.24
5a2235b6-0c26-4839-a098-fbc5f1a26c40,14.03.2026 5:39:53,00b61fb2-bbaa-45af-8963-79000e6f60df,bill_payed,2415.70,154423,a639f796-625a-4b86-b387-1cd6c8802403,
93c8bcf6-0a12-464f-a050-662d06d48dbe,14.03.2026 5:44:24,b1111497-438e-40f7-84a8-e5fec5d1375a,bill_canceled,1591.002783696412700,494900,,1325.52
b5372a42-005d-4bb2-a905-54e69b945639,14.03.2026 5:44:53,0dee285d-9b0e-46c7-ac54-840c79e6d4e5,bill_canceled,2361.99431942473500,221614,,1768.27
a5b4c80d-a252-40de-9aad-e59f683c76dc,14.03.2026 5:52:39,fd993692-68ee-47a8-98f1-a7d6a6983a13,bill_canceled,2092.420535599923100,133067,,31.88
b9ebdac2-3900-4a25-b5cc-23c41aceec49,14.03.2026 5:56:36,fc5d3240-8e7e-4164-af4c-fc89c48ce82c,bill_canceled,3662.039669012711600,811273,,323.33
321e58ac-5ffd-4740-8ed6-0bbf050f9a2b,14.03.2026 6:05:35,8b849b2d-051e-4163-8ad0-645ae91d25a9,bill_payed,1099.77,565683,6a6a8d9a-3d61-48fd-9894-3a6079edfde6,
42898690-b3f4-4bf9-bcd3-4c751f114004,14.03.2026 6:15:50,d0244839-a9e0-4eec-81af-7cf865a71ffe,bill_canceled,159.910485884382700,953691,,85.11
d2642706-51af-4757-987f-d03336e169d3,14.03.2026 6:16:05,a886e63f-1030-44b5-ae04-c7608374ec6e,bill_canceled,3527.096429347621100,736232,,442.35
40b2d87e-a717-48af-8bfd-cf5e5eeee99a,14.03.2026 6:18:24,9ee43a63-42b1-4da5-ae2f-f268e1db2eea,bill_payed,722.74,848277,2b50e9a6-fb30-482f-8bd5-8d96c9e77be9,
673541d3-4560-4592-b972-bb4db14d05b7,14.03.2026 6:19:06,4db9a709-14b4-4841-ae64-ef462f2dedc8,bill_canceled,4694.742554960844300,229897,,4663.10
3ee6c7ba-02d0-4914-b154-48bc64fb3bff,14.03.2026 6:19:23,3e7650e4-ed11-4f49-b050-b2a0f6ee79ee,bill_canceled,3537.322825181115500,444908,,459.67
702a9f56-56c8-4e45-8971-8be68c63ffa1,14.03.2026 6:32:19,ad60fa3a-1d95-4920-830b-b1e4a0628243,bill_canceled,2777.101119106799700,801763,,2495.85
969fc491-7c4e-4640-a79e-5434032d761a,14.03.2026 6:36:20,e4f48e39-e3c2-4885-91eb-0026ddb54900,bill_canceled,3937.478186999076900,946662,,3103.58
7b354660-a8b3-443a-a476-27da6acf00a9,14.03.2026 6:40:44,fef0cc4e-0347-474e-886b-a4519f0e0be6,bill_canceled,839.592020954262700,816923,,242.22
456a1512-7866-487c-8091-a89434c9d46c,14.03.2026 6:45:10,fc6b7c8c-a2be-41e1-9956-4a29ebb6df10,bill_canceled,1268.357685169613400,923525,,57.76
d96936fa-6443-4cbd-9511-43d3660b547c,14.03.2026 6:49:18,4b0b3044-6703-4503-90c4-66afe82ea55e,bill_canceled,965.283709090501400,184526,,462.27
c3627f0d-3988-44a3-af4d-72dd15e7307d,14.03.2026 6:50:04,4327a94c-17bf-4561-b5cd-24377c49efc0,bill_canceled,4452.793583886820800,136158,,1608.69
d8834c12-d481-460b-ae77-b254b1413e8c,14.03.2026 6:56:07,f4693c8f-daed-4f5f-94a1-e9e635aa6622,bill_canceled,1401.000399997095700,380038,,1273.87
4185dc2f-12dd-490a-bfcd-2ea55e07fe44,14.03.2026 7:01:10,f2b2d33c-cb3d-42d4-bb76-d7aff55d47a2,bill_canceled,4531.103757728250400,561404,,3723.11
7f1f6afc-9609-42bd-b460-d98ba32348b5,14.03.2026 7:04:00,f2290e85-95e3-4a8b-a405-1c6b54b0476d,bill_canceled,3948.560812736146500,692472,,424.97
d783e53f-cd25-49d1-a139-465f6484d9b8,14.03.2026 7:12:42,4b419711-702f-428e-83b3-d028c4cef633,bill_canceled,4222.439019503009100,799023,,76.52
edb080d6-d7f4-4ea7-ac30-0b7a58925b7f,14.03.2026 7:16:22,3a1b975a-0e9e-42d4-abdd-08cd82a95423,bill_canceled,4063.982541555222900,494295,,1119.66
ef6ebf4a-4b92-4d6b-9fb1-cca9311a04ff,14.03.2026 7:17:54,0598c988-b520-45cd-90eb-d19bfafe44a5,bill_canceled,435.2725330435259800,440210,,310.48
a6326446-d9c9-449c-935f-9623c06d5ec5,14.03.2026 7:21:22,595778e5-202a-4672-9095-1260fb6a56a9,bill_canceled,4431.745859436128700,608996,,2408.14
ff4d349f-f9a5-4e73-bd92-9208b51ac84c,14.03.2026 7:32:44,5bac3c88-161d-4c5f-9077-353074d1218e,bill_canceled,2716.823028489184900,349265,,1246.21
d4dc769e-8997-4559-87e6-28472d938a0f,14.03.2026 7:33:51,91a73238-b585-4169-a53e-be4fb2fbc3a5,bill_canceled,2670.361570113539300,826152,,2608.00
561dc203-818e-4b8a-b0a5-1e1d6c8d04a9,14.03.2026 8:08:13,18a9140b-ab98-4d34-b0f3-6696cbae888e,bill_canceled,3536.77419430062200,118511,,2426.70
ec9fba58-b0d2-4774-932e-6bd1b173f754,14.03.2026 8:11:21,1daf9eb8-f803-4455-b786-76bfc62c7b5e,bill_canceled,389.7220972239840400,940709,,75.28
1db2d0c9-2ad6-418b-aa39-96e6bd61928f,14.03.2026 8:14:51,8c36db88-9720-4cdb-b3f4-02994bdd14f9,bill_canceled,429.7211156004173100,784390,,382.15
c7e10b54-907e-4cf8-b2f7-3014c4c17501,14.03.2026 8:17:59,1211ff91-b8a9-410b-8cb4-df39d4434e0e,bill_payed,1462.00,822120,1b345592-3fdb-4dc9-b369-9fe2761304b4,
d483b34c-218f-476b-89ff-bc9b7a529fe4,14.03.2026 8:28:20,ddae2b2f-ed71-4f5d-b2c5-e9904bb81ea6,bill_canceled,137.28462315174301600,786764,,52.98
348fb950-7eab-470a-ba99-62a812677657,14.03.2026 8:31:35,f2c77cc2-3343-4293-9e5b-ba3e9979a099,bill_canceled,414.4011098312038500,774941,,47.75
63cd9a0f-7c10-402b-93af-0683362ec293,14.03.2026 8:41:32,5abf1e78-920c-4bd7-b2d2-f790de678115,bill_canceled,2573.832948423269300,547976,,2027.32
4946ef9f-1ffd-47ef-b1e4-5d314eab5447,14.03.2026 8:45:10,826a92e6-50e6-4c67-911a-6f70f01c9d35,bill_canceled,1180.666932220986600,702917,,892.76
a9c7d682-ce0c-455f-b402-61f92fd582ad,14.03.2026 8:45:34,f4cb611e-3c19-4ba1-b239-594275eb28c6,bill_canceled,2589.076372196228500,234096,,1050.20
a3a750b9-2d56-4ffc-906c-c8a17c8ab6be,14.03.2026 8:47:24,79713d6a-5587-4ca5-a546-20bec756a55a,bill_payed,1800.39,670666,61e20569-d089-4b8a-a149-dd8cdb112d36,
b6d4275f-960f-47dd-b02d-336656e27da7,14.03.2026 8:47:41,0fe465e5-9e0f-407f-ba40-11e0eb5ea6e1,bill_payed,4704.46,504327,be781ddc-bd48-4cc6-9326-b910cbff2289,
18215433-f6f2-4e30-9f4e-1dbd465d5e17,14.03.2026 9:00:25,235e94e9-7591-4bd8-a4dd-d7c0e66bf36a,bill_canceled,246.7982264086582300,756708,,140.82
c8ec5e43-23f8-439d-b2ab-9bc470d1e453,14.03.2026 9:04:09,8ed2bfc4-93ad-4fe1-9cad-d4fe8bf804aa,bill_payed,3036.12,257898,ca333dbe-f761-4995-bdd0-587edbce21ee,
dfe2001b-8332-4f03-9e5c-89afbb91f3eb,14.03.2026 9:04:36,b786879d-9b4d-4848-ac34-07983b319c0f,bill_payed,2045.64,959011,19ada386-a289-4e9c-a3fc-860d4767a026,
f21ab22d-19c8-461d-b744-db25782baa5f,14.03.2026 9:06:25,e11dafc2-7d72-4c6a-b2fc-ddbe719c8d62,bill_payed,3958.25,446018,d9c44c3e-33e3-4230-ade1-934a5f3877a4,
dde699e4-15b4-4923-bead-c89c5e3c526b,14.03.2026 9:12:04,cfc0aa50-6110-4391-acc4-089f67a4d500,bill_canceled,249.1557624482974300,911271,,227.80
28c5d615-7567-4b66-8949-c89919d64b6a,14.03.2026 9:13:21,88b1063d-e917-4f01-855f-5c6dad47a1e6,bill_payed,4830.97,196779,e2343864-ec1a-4d1f-a850-0bb5a1e1eaee,
3f98268f-0584-4184-8c3f-f7193cfd3d3d,14.03.2026 9:17:24,28c492f6-d18c-43f0-a816-79423b86a7aa,bill_canceled,558.8937453820532400,125507,,85.45
13171742-dd29-4c2e-b315-a7dd9964a69f,14.03.2026 9:21:24,89ba60c3-834c-42ae-bec8-050c2f840e89,bill_canceled,3545.840855972280500,135183,,1124.88
78546bbb-9883-451f-8f5c-4683e9548ba0,14.03.2026 9:23:45,8c2c2f81-8606-4522-b92d-6edc6a18e4f9,bill_canceled,2475.760819340888700,830033,,1684.05
1b1b7491-a490-44f9-a2e6-10f4eb348916,14.03.2026 9:40:39,6f76b24b-ba0c-4cd5-8401-f383485db9f8,bill_canceled,1544.707089857497900,505733,,1328.68
4cff0c22-bc22-4ea7-b0ae-de87b820bc06,14.03.2026 9:46:46,ea0a0403-1ad5-446b-8dbe-6705f5f2f35f,bill_payed,4849.26,794654,945cfd72-03a7-4cd0-a999-f5ea85c96d16,
07b582f6-4985-486d-aa6e-325614b0b9e5,14.03.2026 9:50:40,74da79cc-cb2b-4114-ab8a-410bc6de0f7c,bill_canceled,741.928555151123800,270643,,38.80
a2f0f292-748a-42c4-b642-66be6277c1b0,14.03.2026 9:52:36,d8684f4d-4d9c-4d89-af48-f51cb27784b2,bill_canceled,538.3269907565867500,262738,,282.21
ec915403-92cf-4abd-9df8-9fe2ae4d63ef,14.03.2026 9:54:05,496c0cc9-a2ce-4d93-a298-eb35f69d224c,bill_canceled,2225.046878697654100,504516,,518.22
001af719-fe4f-46c0-912c-50d04611d35e,14.03.2026 9:54:07,22231e4d-81e2-49ae-b7f0-d6248fcf2810,bill_payed,2156.43,920780,4eac922a-13b1-47ea-9451-0eb77fda7914,
5160a0e2-adef-44a1-b24c-e775a5373e95,14.03.2026 9:57:25,e4adc7f6-8ed0-4ce3-9b9f-2658d4bf4bb3,bill_payed,3141.76,466466,9fc1fad1-3402-466d-b2e2-e3bbfdb15285,
c3199368-ac6d-48c1-bd31-49b763d3bcbe,14.03.2026 10:05:30,fc46d6ac-2ea9-4ba3-bb40-6666b38d74eb,bill_payed,1734.33,687029,16cbdfd3-fdcb-4c9d-a2c7-e62e32627e7e,
6e37580d-d1b2-4dd2-8239-5175f208fe06,14.03.2026 10:07:00,46eaa426-d158-45a6-9f48-5b5a4dbe0a4d,bill_canceled,1019.999245769909200,920286,,100.95
2b1eedb2-107a-4a73-8faf-8ce92dc472e8,14.03.2026 10:11:53,b330d96e-5862-413f-8f18-f13eac721c9b,bill_canceled,527.7832022946787200,543809,,460.46
edac11ce-0d29-4186-8093-17de873491e8,14.03.2026 10:16:02,54777801-680e-4d71-ab4a-c7265b594804,bill_payed,2194.44,440366,439a2313-9939-4db6-9bf4-dde13c621c79,
9c046216-2841-488b-ab8d-c339948f0fb2,14.03.2026 10:18:26,d9420902-cefc-4c97-ba56-37bc14d31662,bill_canceled,4280.17605648449100,902121,,3888.00
e4868f26-96ce-4a82-a52e-0286dac8e2a2,14.03.2026 10:19:04,0b21eeae-abcc-417c-8fd2-8d956d0847f7,bill_payed,4624.62,953427,1c99dfaf-107c-4d35-b89c-59e6150116d2,
58cf0fa3-395f-446f-9dda-bc964803f761,14.03.2026 10:20:50,fe5e2749-daeb-4e3f-be9c-8598797b4a87,bill_canceled,987.985391472615100,453801,,64.45
eafaaebe-24f2-4e34-9c6a-a923470512df,14.03.2026 10:32:13,5092c45c-5f7c-47f0-8527-d45edb2c83c2,bill_payed,3894.68,624324,e1cb9927-b722-4b52-9b36-ba7d6a7ff13e,
49189576-0f6e-4a58-9a8a-6967381afb98,14.03.2026 10:32:20,fcbb7344-7219-441d-903c-dbd4646ff621,bill_canceled,549.3286617510373200,691173,,268.30
e33b09ed-85cd-4da2-93fc-11308599f215,14.03.2026 10:33:38,20154fa7-1af9-4573-9867-3a4884ed7b11,bill_payed,4964.28,357175,e1daf392-3670-480b-a05f-025419f997d6,
60ed8111-3627-40ff-b38b-6b50680d2b88,14.03.2026 10:34:41,98f45054-1a0c-4123-b294-956e2090b065,bill_canceled,789.379213413440200,598412,,304.29
b41af6af-e3cb-499a-ac58-091c2b1d9a30,14.03.2026 10:36:29,02664cea-85bc-4666-86a5-8fb1866564f2,bill_canceled,1804.460097136498800,189390,,453.21
8715aa91-1125-4744-886b-3a9b1e98da6f,14.03.2026 10:48:48,82881a3c-169e-4717-9edc-441317d08662,bill_canceled,881.52023471494700,363185,,198.55
07b07423-d271-41c0-8f6d-7142f2d0c03f,14.03.2026 10:49:12,5c0e87a8-011c-481f-add0-6872ef80ae0d,bill_canceled,2279.897487155720500,150509,,819.66
1ccb5f63-3a63-43cb-9328-618969cf2cda,14.03.2026 10:55:30,bc7301ba-fb06-4147-8ac6-7296236b1d7b,bill_payed,3830.90,125264,5e981775-5ca6-47c5-9b42-89c7e0328ba2,
8c636c27-d6b2-4628-85ae-feb3ae28918a,14.03.2026 10:56:43,4a205afc-99c6-4fe1-b42e-2ab81cf2677c,bill_payed,4253.24,178180,dd4754f3-0ee0-484d-a75d-09bd04082f7c,
34bad304-4591-4868-9b83-339ea22ee78b,14.03.2026 11:11:36,6eecdbf9-a9ef-4675-86cb-6f3739dafe30,bill_canceled,4359.02215503837100,112757,,3739.90
573c8cfe-e8d7-417e-be6b-02ec62f95568,14.03.2026 11:19:02,11ec5e7e-1a0f-4cb8-a7eb-1718e85e6412,bill_payed,4443.03,953305,cf0c3f25-00c7-45ff-89f0-03a91213c748,
53e53f23-f5ef-4b64-b27a-544a63519fae,14.03.2026 11:36:11,8e6a5d99-d0cc-4ada-8a32-010e930b5361,bill_canceled,358.3901647357676100,623482,,35.38
c30ab2ee-290d-4f83-bc72-988ef6444bf6,14.03.2026 11:41:13,e6d8664e-391e-4783-9394-0e0c3e25b2c8,bill_canceled,3214.013529809319200,757939,,1912.56
61599e9b-322b-4764-865d-24259068c391,14.03.2026 11:41:30,17019c58-ddbd-4d37-85b0-a3d87a6e127e,bill_canceled,252.1026952612586300,434459,,234.28
25b9567d-fe6f-4825-8d03-498bae063416,14.03.2026 11:45:09,e24c704c-cc36-45b7-92d2-3a3c4cb13e4d,bill_canceled,129.1870533214619100,877782,,62.95
b1dd6c5e-d3e3-4cd9-97ea-4e232e356ea4,14.03.2026 11:48:29,2393c3bf-1cbf-4a00-ac68-42ec55badf8c,bill_canceled,391.8139628450551400,424303,,124.63
1e5be45b-0a02-473d-b942-94b53e5ac66d,14.03.2026 11:50:26,7159c600-7c38-4602-9195-b940d4a4d9e0,bill_canceled,765.578010769885500,348352,,319.36
bdeffac4-cbf6-49e6-b97b-2b2d159a72be,14.03.2026 11:51:25,ca56969f-25e3-457a-9c7d-5244c3fe0a52,bill_canceled,1800.094175122156100,650302,,1026.37
b24c07d1-2d26-4f12-9666-ab7cbaa6dda3,14.03.2026 11:53:33,cb66f5cf-7e9c-43bc-904f-eb4175da0d94,bill_canceled,412.8176869833322300,366672,,79.40
37dff148-db4f-458b-8d6b-4fa028294fd4,14.03.2026 11:59:48,2b2e8fe9-364c-4fca-b4f1-5b1b6e5a67f6,bill_canceled,4475.862835230623100,725965,,2743.66
7ee3c358-6099-449b-96b7-ba1331971b5e,14.03.2026 12:02:15,203e061c-5ed8-4a13-9161-2cb267177bce,bill_canceled,1910.469297032555600,740609,,657.43
65af5eb9-88de-44ef-9b95-9d63018b4d6c,14.03.2026 12:10:12,53f8f04f-7040-4049-88dc-5ef5a9ea29bd,bill_canceled,3282.822081899042800,482794,,2208.25
8573b94c-8f29-4049-8797-0f19f1aff51c,14.03.2026 12:22:19,774fee7a-3a72-4fe7-b813-e731b4042f89,bill_canceled,2892.78140009965600,120108,,819.64
13295d3f-2339-4fdf-a5ed-64461cecb8ae,14.03.2026 12:30:29,c7d2c9af-aeed-43c1-a088-d7ceeef1aebb,bill_canceled,1167.03766982194200,119804,,618.42
900a8ab1-9091-48a4-ac93-a117a8c8b5aa,14.03.2026 12:36:02,625bd30d-c92c-4490-963b-2f75076470c8,bill_payed,2090.26,306484,4904f73b-4a79-4bab-af49-7cb238e7a102,
d6bfc241-3bf4-4af9-92d2-850ee525541d,14.03.2026 12:36:27,572106e3-0abd-4328-b58c-7e47463ece96,bill_canceled,2273.02836412744600,278783,,287.65
31c2b532-cb31-4168-a83a-f211170fe455,14.03.2026 12:44:50,9f4ddb67-c8d0-45e8-9221-e22c46c18347,bill_canceled,4828.274788257402200,575616,,1274.50
2803311a-ecd9-4b2b-8742-dced5ccf1368,14.03.2026 12:49:16,0dc26b4a-3069-41e3-b86c-abcd1ce86843,bill_canceled,2509.962480764946800,467110,,1635.22
81bc4912-7c0b-4921-81ec-a9a8ea7757b5,14.03.2026 12:49:32,1099608c-9654-40a6-9828-23a0e6015582,bill_payed,2924.49,269389,6c352137-0310-4e0d-a7c1-efeb1d95528a,
9085e476-5d79-429c-866e-492207b97154,14.03.2026 12:58:19,94f7694a-1913-413e-9e8e-65d05b13ff7e,bill_canceled,2319.430381243541200,597284,,793.15
3dfe4833-b7b2-4643-a45b-b45c3169c743,14.03.2026 12:59:59,8876ac4a-09e8-4b2b-b9f5-4ec098771b85,bill_canceled,1295.13883902070700,615431,,828.37
7be15859-8853-4a9f-a010-11fb95a1dcd3,14.03.2026 13:01:32,cae4a2f3-2d5b-454d-8fdc-2a9bc7ea9a54,bill_payed,903.13,719783,dacdbca8-f27d-4420-8d85-ec346c8a7d80,
6b71e7d1-2986-4f28-bbf3-841d0540c2b4,14.03.2026 13:04:47,55434aae-9e30-465c-bb2a-cdd5a68d2983,bill_payed,1890.49,194761,4908b5d0-6197-4b86-9328-2851c552fe8f,
00a4bd06-5681-4c80-af8c-011abe38df72,14.03.2026 13:16:32,5213144d-edc4-4ee4-8bf5-08b0c3184bcf,bill_canceled,3527.185204529064300,118408,,1109.65
022427ee-15d0-4109-90d3-26caf7397c22,14.03.2026 13:20:29,8b6ce6be-2ca1-4d0d-aa67-2fa120bacad8,bill_canceled,3912.057281864260100,192887,,293.27
ed3cf10d-a069-4659-a448-2195106a9063,14.03.2026 13:20:46,418f452c-cb5f-4fd4-85f2-fe103611771f,bill_canceled,4728.394835219495900,813814,,3054.87
04a682f2-4fbb-48fc-a267-3a0d036e3259,14.03.2026 13:25:21,d00c8ec3-9a77-4814-9349-60af73b5e5f9,bill_canceled,764.406773320005100,258979,,709.58
08b43459-5407-4d8a-8c67-043e6988401c,14.03.2026 13:26:37,ea104570-0997-4f49-b326-af3326b3a2b8,bill_payed,4474.03,569686,ef28314a-2b94-49b4-bc1c-a241e383ee28,
d3fcc6b3-b9c2-412d-9358-247056777481,14.03.2026 13:31:50,3852e6e0-6630-4fff-852f-59b9bd72c29b,bill_payed,1670.28,385831,2335527f-3860-40c9-828c-dae4a9733cde,
e9863726-8ac1-4fe7-9634-d1c6133225ca,14.03.2026 13:35:06,7527181a-1d45-46c6-9ab3-b02e2b335fbc,bill_payed,741.54,346354,e84c5db8-392b-4405-b57c-b34297304450,
77867f62-2222-4e44-bfb4-d6b314c979c4,14.03.2026 13:40:59,516dd502-89f5-40e1-adcb-87bf0010330a,bill_canceled,3618.986598178538200,506290,,935.69
5cd87737-f70d-4d6e-8d2c-d67aa6de59c2,14.03.2026 13:41:46,d4ef18f8-23d8-4f8a-9c4e-1445aa374550,bill_canceled,4738.525183512576300,640378,,238.97
42107b6b-1319-4b41-9bd6-eaeba5f61fa2,14.03.2026 13:42:49,1da4d946-84f9-4617-b7c4-d934707bb04d,bill_canceled,4245.909375603113300,611551,,2400.56
9e1b2b26-b6e6-43f0-8e66-19195f169c0f,14.03.2026 13:46:34,0a550f42-d8c7-4997-bad7-2effdc2d16e6,bill_canceled,1030.512900513511700,147016,,799.19
bce854c3-aedf-4091-8180-7f27610ae43e,14.03.2026 13:49:38,322f8d76-2df7-40fc-87e3-4111af277d29,bill_canceled,1843.210855761098500,483636,,497.92
173ab355-8a05-4376-82a7-3c2b24c13a7c,14.03.2026 14:09:21,9b56770f-410b-446b-b7b8-14b282eebefd,bill_payed,3710.00,752040,eab3e8ca-db99-49fb-9b14-1d75323679b8,
f246f9f8-c6be-4e6b-b88a-0cb95425513c,14.03.2026 14:09:23,fa82d5fc-39c5-49ef-abca-d7eb9d909e41,bill_canceled,538.6104891540439900,405738,,503.19
899bc60c-7df1-41ec-91b3-76a789a6946b,14.03.2026 14:17:42,40916e1a-ffee-494b-bcf9-71585257420a,bill_canceled,2368.550213923940100,889978,,525.28
ff376970-40d3-4e86-8708-07ba6eeb0468,14.03.2026 14:24:26,0e556dd5-1e6a-44ed-a376-4cfd3a9c7da2,bill_payed,2770.84,458545,f3ca5ad3-00e6-45aa-8cf0-9ad1fbc784c5,
c0b90a9e-45c3-4f1e-ad51-c13337113608,14.03.2026 14:43:36,d32007c4-cfa5-4e91-935e-b4f96239fd8b,bill_canceled,3271.899171402047800,524345,,2202.70
20eafd30-32a3-4006-8507-7cef987808f2,14.03.2026 14:53:14,5c3e5958-b920-4ec3-a206-6b651832e347,bill_canceled,846.56995676065600,122967,,106.37
5c6ab357-af91-47c9-b655-5d54a8dc67d3,14.03.2026 14:55:50,5390030b-96cb-4e87-b0ba-d6643987ef4e,bill_canceled,859.494089918973500,876270,,136.90
7eb68ddf-dfaa-4f87-a50a-0574c5dfdcc2,14.03.2026 14:56:08,21dcfac4-1f99-4094-bd43-8a219a59c544,bill_canceled,819.836570845036400,629981,,782.95
d4c435f1-ecbe-43e2-b398-de19bc22b015,14.03.2026 15:07:46,1758e138-2d5a-442e-ae8f-e111e22f37f5,bill_payed,1802.40,924882,0358b90b-3c23-495f-9d81-2e17b5529f9b,
948e24a5-f187-4c0b-990e-c36ce2b67b96,14.03.2026 15:08:21,dca3cb94-6dd3-4e79-92f6-24f3e85efa5c,bill_canceled,1134.889052549707600,724438,,528.79
4c8a89e0-e42a-4a69-a168-2fe89478ae37,14.03.2026 15:11:23,52c41dc2-3736-45b2-9f4f-689276935ebe,bill_canceled,962.832533484755400,437728,,124.82
15af42c7-4f6b-4364-b5e3-6f162ff7b5ca,14.03.2026 15:12:51,78e69046-121f-4991-bd68-6b22be2b4e91,bill_payed,499.75,294303,42ac066b-50d6-480c-b4c0-2af651054701,
cd86aa1b-bf39-4a41-a871-e9a5fb975c8b,14.03.2026 15:18:34,429513e3-c984-45c9-9a5d-3a67e5abd4f1,bill_canceled,331.0308192924781700,735125,,148.65
c03a23b3-8c76-48b8-9c39-72d379080d21,14.03.2026 15:20:38,27859e17-7bb8-4f68-9ded-61a5051c1ead,bill_canceled,383.3897961345556700,239057,,136.00
b027579d-2207-4666-97c4-d66285f7506b,14.03.2026 15:24:43,5bb35141-a16f-4d22-a3b1-e3d7c11b01c7,bill_payed,2670.87,583783,6c8f18f6-84aa-4c25-b87a-02b3282758ba,
628fd52e-4cfa-41c3-987c-7974d70058ae,14.03.2026 15:28:52,3915f8df-06fd-4cf8-976a-c9251764be8b,bill_canceled,4268.98628552704200,403295,,451.56
f2179eb2-6bc4-4cf1-9265-52c9c1e0879b,14.03.2026 15:33:46,2a573f7c-8154-4eaf-b090-f4aa85eb5a06,bill_canceled,4353.103224130313700,780587,,3533.67
4e111b5a-efa2-4771-89b2-94b51782e506,14.03.2026 15:42:10,6a6e89df-8e2d-4444-9f97-8eeff1c44fd8,bill_payed,154.01,390134,ef6e8dae-5914-47e5-8896-8339cdcee239,
c67c8fd0-77e9-4eb5-80b0-d5927cd063cc,14.03.2026 15:55:01,9725e380-990c-4caf-a2bd-91ae4aad0991,bill_payed,2224.11,681821,1f308ced-f74a-479f-984d-1f8f4de76777,
7bfc09df-f325-458a-82c3-b7cee3c10579,14.03.2026 15:56:58,b070a18f-9e15-461f-8ed0-d722990139f7,bill_payed,2602.72,653823,ddda59e0-2629-4e9b-84db-0e313fe89243,
cd042cd3-7228-4720-b56c-1c07d3fcb2fb,14.03.2026 15:57:37,aa6c622b-f099-499a-a2b1-94df871cf7cd,bill_payed,4141.58,747872,2bff3288-42cd-4b31-8415-d28d5fcaae75,
5746fc70-8130-4cf7-8294-0eb5f88d4e58,14.03.2026 16:07:10,70e3da21-05d3-464e-b228-50dc29425355,bill_canceled,4831.940384069141600,616610,,3825.14
cf84cbd1-0e92-46cd-ba35-fb7d9ce35fd3,14.03.2026 16:10:21,dfb00c6a-e167-435c-89d9-3d5beef07988,bill_canceled,335.8366811583259400,826126,,284.51
cee2b820-a16f-427e-a753-c364f344c46f,14.03.2026 16:12:36,c04482d6-31e0-45b5-88f2-ed9d895ebc38,bill_payed,3416.48,743035,bbd5f08d-9485-4dbd-9cb1-ff9221ef9992,
37012d20-69ce-4b38-a540-9de299918d02,14.03.2026 16:22:47,49887a15-2ab9-4672-bdb6-596de487c508,bill_payed,2867.54,677895,4e8e17f6-f093-45e6-9530-3bb37afde7f3,
4f50f527-8252-413d-9618-6e4888e1afd3,14.03.2026 16:23:29,b61a951c-43cc-4215-b917-2561483360a0,bill_canceled,4335.783897853197200,608648,,97.15
3a71c6e8-7f17-4a65-b381-8c6bbea52649,14.03.2026 16:31:34,7e3af0eb-fdef-44f7-a629-daaf6030dc2e,bill_payed,1387.24,921443,10c76db4-c3e3-4c30-8e38-6b9fa94ed4e7,
e8d4ba75-844e-4fd7-94e3-3b1baf96fc4c,14.03.2026 16:34:27,57493296-0242-4c72-b279-c3f84634f308,bill_payed,1638.56,718768,44492f22-bb40-4083-a8e7-074f7e31a695,
e927aac7-e066-45bf-857a-23bcd7567cc6,14.03.2026 16:40:51,2abd5023-4145-4627-937c-975a50ba23c6,bill_payed,2574.68,272467,ea0c1b58-37a2-4a15-9d13-79194d7c9ac0,
b5db4592-d9e9-40af-a61d-9dccc90b796f,14.03.2026 16:42:35,fe6252ad-78ab-4405-85a3-5e1164005b7e,bill_canceled,1001.003008489288600,430024,,673.24
27bb9e08-47ca-41d3-84cb-40a7d2c0d3ea,14.03.2026 16:47:18,52b8e32b-7918-4656-9cab-7fda21819249,bill_payed,728.34,745941,c865bfcc-4a5a-43d3-acad-37042d1117f0,
c0bfb3fd-23b8-490d-812c-6d485f740579,14.03.2026 16:55:55,41afb46b-01ff-4f92-af78-dc3a2231b260,bill_payed,2814.42,813279,49f99b88-f624-4931-a903-2c6d81c062ce,
5517f0fb-0930-499b-97d1-d062a59267e1,14.03.2026 16:56:09,1fd5fdd1-6c36-414a-bfc5-b91d30df9833,bill_payed,4245.91,618509,647a556c-6e8e-49c9-ba8d-eeef34f05d06,
71f03808-a384-42b0-a751-50466b7e3d56,14.03.2026 16:56:26,dfa171de-277e-491f-84b5-9b30c22a114c,bill_canceled,1347.307062403397100,101113,,419.20
bb2f7d52-2668-46c6-a095-5c787c7b20bf,14.03.2026 16:56:41,ae6be4c2-8d82-422a-956e-d5f5cef55f18,bill_payed,3388.67,479567,97a8d0a7-d0e6-41dc-a826-7a1bbe758276,
a8aea97b-cd16-465c-8a9c-e60e3d1564c6,14.03.2026 16:57:01,639b7941-5356-411c-aa58-3dfb28b77c8a,bill_canceled,3841.670539512473400,279068,,2711.11
12a88d90-4cfb-4ee0-b96a-df1245a14cc8,14.03.2026 16:59:03,381175f6-74c3-481b-9ad4-ebf05f1795dd,bill_canceled,686.465251123301900,864219,,528.57
45873368-bc83-43c7-a9f9-253f164a1bf9,14.03.2026 17:00:25,bba6e6ed-d266-4c3d-850c-cfa206fd5994,bill_canceled,3445.02209661203500,182381,,1652.38
4bf07c16-6800-44cc-898d-5773828100e0,14.03.2026 17:05:45,4ca38b8e-07b1-4045-8902-53a11a98ab79,bill_canceled,2520.983333885489800,976427,,2150.38
b121903c-bfad-46e7-9868-efb6e8e57bf5,14.03.2026 17:13:20,8f09fde3-470e-49f9-b857-b005e10e964b,bill_payed,4762.17,703260,e7c8a27e-2bf7-424e-b041-5110c7624df0,
3420b7af-b40a-4286-acf3-b143dea4757a,14.03.2026 17:16:31,5f0d9c01-ddd6-47a0-88e4-7646f911be29,bill_payed,4151.55,458003,89d55681-acfc-41c2-869b-55b8c262df65,
7108aa52-50a9-4d4c-9a91-ec5d482ead90,14.03.2026 17:19:09,f15f1e76-4dc0-4f4f-adfb-93e25ddedf2f,bill_payed,4847.72,738629,e21a0f92-c672-42bb-af91-ea8f46509e2b,
af62a70e-3e8c-43b3-84a1-1783bbaf4a4e,14.03.2026 17:24:12,3e1a7995-dc1e-4275-af7d-8681363cef3c,bill_canceled,4487.255634691011600,202566,,2471.39
f06135e2-952c-4f71-a0b6-04b706c5de01,14.03.2026 17:24:29,963bc1b8-f418-438d-a7d0-cd0813f3209b,bill_canceled,2707.678111832139500,901701,,740.41
f20daacc-4576-4d1e-9582-28b2ab290f5e,14.03.2026 17:35:35,30e505ea-467b-4cc6-b18f-b9f25381d617,bill_canceled,1092.089252809150300,450507,,557.11
1cda3277-5298-41aa-af01-61987579dc7a,14.03.2026 17:41:22,dcd808a1-523a-408d-9f45-44fc6d9c6d2e,bill_canceled,4745.794624852508400,510676,,1222.04
1f7c7921-699d-4dd9-8e3b-50a589916074,14.03.2026 17:43:15,9dfb3034-5fa1-4a10-8ba5-5a53918b91e0,bill_payed,858.89,817341,cd6faacc-fddc-4fbd-b15d-318cf2336eb3,
c0c4a4f3-3ece-4e5d-b5e3-aeedcee2ab4f,14.03.2026 17:49:48,c4ec77ac-c898-42b7-8fc4-5c34dad2d254,bill_canceled,3867.9391981254100,463817,,2634.31
b0ac2dd5-dc3d-42a4-829b-c9e7dbcf2420,14.03.2026 17:54:59,74531a5e-dfd3-45fb-8a58-12b3c3bf3566,bill_canceled,1383.174694224962700,619955,,714.03
56b2d1e7-8eb0-45dc-9df0-ca8bd07e309b,14.03.2026 17:59:21,ed96cbdc-d25a-404e-9e4a-b302e9442f29,bill_canceled,1649.515416252010200,201725,,614.78
0546eada-81f0-498b-b241-8aff6dc50c19,14.03.2026 18:02:17,e7919cd8-44d2-4f63-92ad-fc5f72e9644c,bill_canceled,3710.125832842447100,713076,,325.96
f6699b3a-988d-4a86-8465-c0457723e3ee,14.03.2026 18:16:54,400d3b78-0369-4371-b5c4-02dbb855b7e8,bill_payed,2998.52,806814,26dc6544-c6cf-4730-80c4-10396303e879,
0a621833-0d4b-4c05-b1cd-d5ceead88362,14.03.2026 18:22:36,eec7bdeb-ab21-4dc4-ab1c-449037e9d623,bill_canceled,107.87422764425662400,329052,,105.42
bc94774a-b98c-40bb-96b4-b2d25065b7eb,14.03.2026 18:23:57,7bef3be3-2938-40c0-a5a5-498d83e25dca,bill_canceled,4167.759470239046400,616657,,388.40
fe773137-8720-42a8-ba80-8dffcc0fbe76,14.03.2026 18:50:04,8cc807f1-361b-45ab-8529-3df12162e609,bill_canceled,826.191945005218300,764712,,112.06
87ac1326-2e9b-4c64-bafe-d8724f8f1fad,14.03.2026 18:57:10,dc1705c1-0c31-47ef-8756-84ed76a88c46,bill_canceled,469.2776695548988600,837512,,455.88
595abba8-1cf1-42e9-846a-c877560f7dbe,14.03.2026 18:57:15,491ba879-4ab7-4f26-ae5d-0d3fea64b346,bill_canceled,542.5430751584673600,212851,,169.11
11fa1ba4-1f9c-476f-9558-f615de8e51c6,14.03.2026 19:02:21,d42b6224-6c51-42aa-9fd0-624fd7a1698a,bill_canceled,2940.153925031379600,588537,,962.76
9f599a7b-46a8-4714-bfff-6d96430e1113,14.03.2026 19:07:15,a722905c-6bf9-4a90-a757-8114aeb57057,bill_canceled,541.5229123559949100,138068,,101.61
0a9c9e27-2177-46db-8179-016419ea85f7,14.03.2026 19:09:07,5633d816-a417-4b82-a840-c578457c2458,bill_canceled,3893.461023183358800,939321,,2801.21
66de891c-1d77-466d-801d-6a8715c9a781,14.03.2026 19:14:19,eaecd7c0-4462-40db-9c62-f71857dcaddf,bill_canceled,4128.073700782720400,357204,,977.60
684bcb37-911e-4ce0-b65d-66450430fbcb,14.03.2026 19:17:44,8a8f0053-4650-4e57-8f94-2fe267a5faa0,bill_payed,4174.89,980131,c7158851-a4b2-4757-954d-e34d1ef643fe,
3971273b-918e-4f8a-99e7-203d1628ba6e,14.03.2026 19:18:51,d3aecab1-10fb-41d0-a8e9-91ec6d02833b,bill_canceled,730.875953419695200,136455,,585.53
fa455e2f-1650-440a-b2da-67165c3d95b0,14.03.2026 19:21:07,ee71649e-044e-4edc-acfb-73e944fc2945,bill_canceled,507.2396651536335500,364720,,159.70
9c9dad43-4cee-4e0f-8e8d-eca9a8e81fce,14.03.2026 19:26:17,593e7e18-dc6e-4262-b4a1-f2aec48e9d9f,bill_canceled,2850.495100372567100,481395,,2347.51
463b4c56-b283-4731-a34e-219c1586f48e,14.03.2026 19:32:39,ddda423c-4cf4-4134-9b80-bb36d1d6ced7,bill_canceled,4425.589695516037900,283974,,3163.89
a644cd9b-343b-430a-86e6-583de1ace186,14.03.2026 19:58:56,b4723302-5943-4c35-95c4-715c7e880ed4,bill_payed,1781.74,401182,0979a78b-bbf7-40ef-95fc-f3ca1d1949c0,
17c2a6db-5538-4c4d-9d2e-6c090e13a061,14.03.2026 20:00:13,3177199c-b3a1-4eca-a3fc-17fb713f6f24,bill_payed,585.49,745149,f1e39ff4-59f5-4f67-beb6-2ee3e9945a59,
b3a67d10-f140-4a45-9664-4fcfcbe9ce7c,14.03.2026 20:01:09,bcb8e40d-591c-4bf2-99d4-800990fecaad,bill_canceled,1408.131671746793600,367307,,45.24
e65b082f-b307-4b38-bbe0-b62dec60fdc2,14.03.2026 20:05:51,0af42292-e36a-4f78-8858-755a6f0d2038,bill_canceled,1462.244640193546900,751125,,1203.99
3fa53b29-0291-4229-8566-dfcb5d3a9bc6,14.03.2026 20:06:52,18e96e48-57bf-4805-b9d0-1575fd92f41f,bill_payed,2706.64,837409,c17c9e27-b5fa-406f-be1e-d05651c5304a,
fcbfadb5-d0b2-4b05-848a-b1cb1151b9a3,14.03.2026 20:11:24,47c8f4ba-3851-481d-9816-166335764ba8,bill_canceled,2278.871431295431600,416891,,701.98
cb190319-667e-45b8-8157-236929a8125e,14.03.2026 20:17:24,c1d1aeed-4c09-44ea-b8be-d0da86119cfd,bill_canceled,4771.789010851813200,936044,,1897.19
44b65373-c250-4b69-a4f8-4c6e3d96742a,14.03.2026 20:19:56,8862369c-cd8e-4f18-b3b9-165130ff2c33,bill_payed,2198.99,661526,87b780bd-a75c-4655-b73c-84e36f14e4c2,
0549c407-d8b6-4185-b09c-1d7938098d4f,14.03.2026 20:44:58,c0924a87-a091-4d27-add1-df9379b3614f,bill_payed,1941.20,908536,b6cdb03c-4d7c-44e3-92cd-8e10867dbc70,
7bf4b6e2-699b-449a-825c-cfa3afdba452,14.03.2026 20:45:20,2f2edbb2-e20a-4162-a92d-829237c9a9f2,bill_canceled,1473.902324832078300,480003,,1282.44
5545092d-dd90-4c6e-ae51-eaccc315a824,14.03.2026 20:48:45,06dfd169-6986-483b-9d13-061ef6509bba,bill_payed,1954.72,122032,21d73527-4eb1-4fd7-b5d8-c45d999d0528,
82c88744-a590-4040-bd44-f29c7b2d8758,14.03.2026 20:49:26,195f7ecf-dc4f-43b3-b50d-bffaef6304e8,bill_payed,4473.45,585741,54238b80-1356-480b-a990-c52d214583ea,
d8071b7a-3a69-4be1-81f3-1eefbbd50589,14.03.2026 20:50:27,f96b1809-8632-40a7-916a-6aa2efceb029,bill_canceled,3639.166781244200400,809881,,376.68
47e6ab2d-973b-483c-b6eb-7156ebebf69f,14.03.2026 20:50:42,2175cdaa-4818-4049-9918-7781cf0a4805,bill_canceled,3729.558909698271200,949934,,3703.82
4687aa29-4257-4471-98c4-4468bf53c740,14.03.2026 20:51:04,00c4c595-0635-4c6a-ba90-e04bfd6cad91,bill_canceled,3176.967022534419700,509066,,335.82
bff40a69-b8e8-47d8-8a83-5b116d4ac1cd,14.03.2026 21:01:55,ecfc01e6-9406-4f29-b68e-8158c31a0f95,bill_canceled,4352.82985284124800,507221,,2626.07
a7d201ec-6d00-43e3-93ed-1f404ef9191b,14.03.2026 21:02:22,25f8a61b-abd2-48b9-ba8e-ca77063e84c3,bill_canceled,2043.153830016586600,385727,,58.85
9ce950f0-9a24-48f0-8333-32704082131c,14.03.2026 21:03:30,e161b78f-2a63-4ca4-a65b-3c267eadc85e,bill_payed,3790.71,903473,f6e070f6-a1b4-4ac1-b74e-e3a6bfa591ef,
7224e208-866c-477b-8f21-b763cb5aa85b,14.03.2026 21:04:58,58672918-84dd-446d-9a57-b1826709ff92,bill_canceled,4411.073508936497800,350556,,4169.74
f22d7ab7-0291-49a6-a89c-87f1a4e4ecbc,14.03.2026 21:08:03,2c90c9b0-3db0-4716-bc39-c29c5ffe5e06,bill_canceled,4181.607554703293300,524824,,3950.70
a0310e69-299a-4c89-9d47-b92f9cfcb891,14.03.2026 21:12:22,c7349ee2-29bf-4649-9fb5-449bd414a987,bill_canceled,1212.801304821962700,846422,,223.40
f29213d1-461c-46b6-8f86-88c36b5f208c,14.03.2026 21:14:33,4f0a780b-ee61-4e64-b364-3a23b7938716,bill_canceled,4320.179966058072800,772284,,550.45
03788d31-04f4-4380-a134-83ccc58c97c9,14.03.2026 21:20:14,b5e9b2f0-e0fb-460b-973b-5f79e06e6bc1,bill_payed,3694.36,952447,e08be99e-09a7-4bdf-bcce-6ca9fcf79744,
2271a9a3-2803-4876-91bd-bb8370c55951,14.03.2026 21:40:00,5cc4a031-e63c-432f-8326-fbe0e70b985d,bill_canceled,4027.822407002813900,407119,,187.54
0576f76d-2dc8-42fd-bb5d-a97b23e64d69,14.03.2026 21:43:29,9d2f77f1-b05e-4ed3-84a5-7b0ed66e1cd5,bill_payed,3131.38,768558,1df14cae-be53-4e51-94da-ca1444471a18,
1f3aa61b-33ce-46ec-b73b-311a891f0170,14.03.2026 21:58:46,9aa294fa-693d-46bd-9127-d3ce438946b4,bill_payed,4821.09,790590,55c5e9ba-8c50-49c2-8602-62e036fbbc5d,
f55f44d6-d0e7-4461-95bf-9db5a2ff12a5,14.03.2026 22:01:19,4b441b71-af03-4a05-b880-330bd73b7475,bill_canceled,2891.590605837175100,878432,,1500.70
299124ea-59f1-496e-a39e-8ac79aae3190,14.03.2026 22:06:13,73f3c128-9721-4816-9b0f-a9e867c5b8e4,bill_canceled,3245.725172182364100,755405,,1367.84
d09a17d7-487c-412e-9899-1d8b759d1bf5,14.03.2026 22:08:33,72961749-0e6c-448a-9871-d4f10d2eab2d,bill_canceled,959.076502050363100,934316,,474.31
1ef0729c-4245-4e01-9ccb-c7d98ad88acc,14.03.2026 22:10:41,089d8ff3-b3d8-4b71-99f0-373400a934fa,bill_payed,255.74,582651,ecca5251-0dc4-4ed0-bd56-72a48ddfbfe3,
339233fb-bbbd-4b1a-bc90-dde0e05f8854,14.03.2026 22:16:11,71704c80-01fc-4668-8531-8ef0729ce993,bill_payed,2400.13,765253,4c055030-24c8-4ef7-9434-b24742c4721a,
ff16dad2-650f-4fa5-b8aa-3afec7f62880,14.03.2026 22:19:12,5f016b98-468c-4716-a4d5-4f2a791f6cc5,bill_canceled,131.24615929442285600,167601,,127.99
03eb3a2f-ed60-4d77-a337-ba1df478eb66,14.03.2026 22:19:48,3b0db56e-ba68-4de0-9508-c04e677b9d6a,bill_payed,670.84,514566,e9edb265-03a1-41e7-a519-cc322ca40c66,
9599f93d-97c0-4a0c-b9af-9e3e385977b7,14.03.2026 22:22:37,890abe0b-d48c-44a4-8d26-526f9e7c604c,bill_canceled,4781.451525748503100,701978,,1554.06
867e63d8-4b8a-4764-98a7-7edef02c7138,14.03.2026 22:23:36,9c99c7f9-3026-4b93-b28c-8610c139d939,bill_payed,925.22,204401,245275ca-1087-4578-8ccd-fed785dbaaa9,
37a879a6-1465-4145-90a2-a7cd1c858ca8,14.03.2026 22:23:54,232bf1c8-da15-497b-bb6e-2dc2da094d40,bill_payed,3394.01,107974,28ef36ff-6fc5-418d-8336-31de811f1dda,
8b6b8f8c-731f-49d2-9581-124b9bf04175,14.03.2026 22:33:57,c982141a-5f15-4d02-8926-697bcb8db041,bill_canceled,1735.832008653402700,492531,,1354.34
dbea3dfc-95f8-4801-bf32-47bb135699bf,14.03.2026 22:36:51,ae90d01d-c294-4109-a097-cc6402907a1d,bill_canceled,1545.822752273674600,936088,,300.15
7df3dc0c-1553-4a01-af9c-ee293caef374,14.03.2026 22:38:01,53bf9feb-90cf-47f1-bdc6-47c75dcf5e0e,bill_canceled,492.6994265926946900,926142,,100.83
55cd927a-3ad4-41dc-95f5-a9370a684ee2,14.03.2026 22:42:44,ede95421-db04-4480-9a5b-39efdc01c1a0,bill_canceled,1909.972001058720800,155720,,145.27
69d035cc-bacf-4f71-a8f1-3ba91ed14871,14.03.2026 22:51:28,5aa7fd76-b264-4437-8348-e1e950056e88,bill_payed,2658.01,533641,945cd197-6047-4879-a924-2d62ce8f7ecf,
5b36510b-4966-47cc-b338-004b34ca58a0,14.03.2026 23:03:13,fe5e4290-0fa4-422f-9c61-7bdbdbfe13cb,bill_canceled,1792.614826925888600,812369,,751.34
cea6e395-bcd6-43c0-a9e2-1fa8a0e0f840,14.03.2026 23:10:02,07cb2dd5-9ac5-4f5a-bfc9-f1665c0bc568,bill_canceled,4907.211717591495100,242828,,48.77
d6a9b52e-e4bb-487e-91c9-989f2b25f669,14.03.2026 23:11:44,666c8861-1a05-484b-a8bd-96ef9d8bc2dd,bill_canceled,4107.94983280515600,682395,,3822.61
e7eac852-4844-4b25-adfb-2f31ebf22449,14.03.2026 23:14:27,ca79a909-6c10-4b12-9361-b5615a270156,bill_canceled,2561.78483093007500,473742,,1995.25
47b51836-dfaa-411b-8290-68b48dfa5f74,14.03.2026 23:26:57,020ffd84-1e89-4866-a3f0-fc79ebec8dfd,bill_canceled,540.9505381703704800,783824,,147.91
ecba7eb0-d6b9-4940-890d-93b65d535d3d,14.03.2026 23:30:12,2d78af12-af14-4a6a-b598-a4c812407993,bill_payed,2423.66,640074,9e84c267-46f4-484f-9350-1d3d67b1794d,
4f925840-5529-4012-84ae-8af82d79d6c3,14.03.2026 23:39:30,a631be04-b8d3-4b93-bbb1-af2bed032c57,bill_payed,2354.15,470511,545e3c03-d8eb-4d35-ac45-ca384349c726,
d6553aec-9144-414f-94f4-cb2785698eed,14.03.2026 23:39:55,e13bb713-bc04-4505-9f9e-4e0625cfce01,bill_payed,4001.86,275891,1ce5b12e-b8cd-42c1-b3bd-7e13b7a3dd0e,
6861a3a0-52c7-4bec-ae0d-8accf84c388c,14.03.2026 23:45:06,fafc9024-be11-4e44-b76d-3fcb733796c0,bill_payed,2014.36,699534,7835f726-ea32-439b-955c-007b1cc2e182,
